{
  "cars": [
    {
      "id": 3,
      "carRegNo": "CAR104",
      "brand": "BREEZA",
      "model": "BR45JK",
      "available": "false"
    },
    {
      "id": 4,
      "carRegNo": "CAR103",
      "brand": "FORD",
      "model": "FD45H",
      "available": "false"
    },
    {
      "id": 5,
      "carRegNo": "CAR102",
      "brand": "BMW",
      "model": "BM456",
      "available": "false"
    },
    {
      "id": 6,
      "carRegNo": "CAR101",
      "brand": "HONDA",
      "model": "H2FSH",
      "available": "false"
    },
    {
      "id": 7,
      "carRegNo": "CAR105",
      "brand": "HONDA",
      "model": "HD12DS",
      "available": "true"
    },
    {
      "carRegNo": "CAR106",
      "brand": "FORD",
      "model": "FD45HJ",
      "available": false,
      "id": 8
    },
    {
      "carRegNo": "CAR107",
      "brand": "BMW",
      "model": "BW45M",
      "available": false,
      "id": 9
    },
    {
      "id": 10,
      "carRegNo": "CAR108",
      "brand": "BREEZA",
      "model": "BR12JH",
      "available": "true"
    },
    {
      "carRegNo": "CAR109",
      "brand": "HONDA",
      "model": "HD12HJ",
      "available": false,
      "id": 11
    },
    {
      "id": 12,
      "carRegNo": "CAR110",
      "brand": "FORD",
      "model": "FD54TI",
      "available": "true"
    },
    {
      "id": 13,
      "carRegNo": "CAR111",
      "brand": "TAYOTA",
      "model": "TY45TS",
      "available": "true"
    }
  ],
  "customers": [
    {
      "customerName": "Rahul",
      "custAddress": "Chennai",
      "mobileNo": "8974567894",
      "id": 1
    },
    {
      "id": 2,
      "customerName": "Mahesh",
      "custAddress": "Hyderabad",
      "mobileNo": "9974567894"
    },
    {
      "customerName": "Suresh",
      "custAddress": "Mumbai",
      "mobileNo": "7974567894",
      "id": 3
    },
    {
      "customerName": "Ganesh",
      "custAddress": "Bangalore",
      "mobileNo": "6974567894",
      "id": 4
    },
    {
      "customerName": "Rajesh",
      "custAddress": "Vizag",
      "mobileNo": "5974567894",
      "id": 5
    },
    {
      "customerName": "Narendra",
      "custAddress": "Vijayawada",
      "mobileNo": "9874567894",
      "id": 6
    },
    {
      "customerName": "Surendra",
      "custAddress": "Delhi",
      "mobileNo": "8874567894",
      "id": 7
    },
    {
      "customerName": "Dhoni",
      "custAddress": "Pune",
      "mobileNo": "7774567894",
      "id": 8
    },
    {
      "id": 9,
      "customerName": "Mahendra",
      "custAddress": "Ranchi",
      "mobileNo": "7974567894"
    }
  ],
  "Rentals": [
    {
      "carsId": 3,
      "customersId": 1,
      "status": "false",
      "rentalFee": "1000",
      "pickDate": "2022-01-26",
      "dueDate": "2022-01-27",
      "returned": false,
      "id": 1
    }
  ]
}